id,first_name
1,Aime
2,Livia
3,Butch
4,Homere
5,Bryana
6,Nancey
7,Salli
8,Priscilla
9,Rozele
10,Lucinda
11,Ronalda
12,Adria
13,Danell
14,Kristoforo
15,Bancroft
16,Deana
17,Franklin
18,Rafferty
19,Eirena
20,Meridel
21,Bianka
22,Temple
23,Cecil
24,Nickie
25,Viva
26,Westley
27,Kirbee
28,Andeee
29,Bobbette
30,Anderea
31,Darin
32,Evangeline
33,Rey
34,Genna
35,Giffie
36,Valencia
37,Kimmy
38,Gaspar
39,Channa
40,Jed
41,Heda
42,Shel
43,Bianca
44,Carce
45,Gallard
46,Gabriela
47,Janifer
48,Barbabas
49,Cecelia
50,Osbourn
51,Carter
52,Emogene
53,Brook
54,Kalie
55,Beryle
56,Peri
57,Emilia
58,Aurie
59,Raphaela
60,Rolland
61,Katine
62,Tadio
63,Pincus
64,Bride
65,Hunter
66,Johan
67,Bradney
68,Gordan
69,Perry
70,Peg
71,Harman
72,Tomi
73,Ely
74,Datha
75,Jaquelyn
76,Padriac
77,Craggy
78,Debi
79,Margarette
80,Marrissa
81,Barbara-anne
82,Corry
83,Pepe
84,Orly
85,Shelby
86,Malorie
87,Lilllie
88,Biron
89,Gisela
90,Waldon
91,Vivie
92,Damita
93,Wilma
94,Kristofor
95,Hillier
96,Kyle
97,Bernadine
98,Garnette
99,Otha
100,Efren
101,Shanda
102,Broddie
103,Ely
104,Phillipp
105,Noel
106,Derron
107,Douglass
108,Lewiss
109,Boonie
110,Colas
111,Bailey
112,Jeramey
113,Kitty
114,Eugenio
115,Xaviera
116,Claiborne
117,Betty
118,Hanna
119,Carol
120,Bamby
121,Berny
122,Glennie
123,Duffie
124,Tobe
125,Agretha
126,Merle
127,Leelah
128,Rozina
129,Layton
130,Ketty
131,Bradly
132,Cornie
133,Basia
134,Agretha
135,Flint
136,Si
137,Fianna
138,Frazier
139,Skippie
140,Aggie
141,Rayner
142,Emlynn
143,Celia
144,Herbie
145,Tim
146,Filbert
147,Stefanie
148,Charita
149,Orlan
150,Hedwig
151,Cyril
152,Cleopatra
153,Celka
154,Julee
155,Hastie
156,Trevor
157,Hanan
158,Javier
159,Anna
160,Ernaline
161,Ferris
162,Salli
163,Glynnis
164,Grenville
165,Junette
166,Lilla
167,Kristen
168,Jesus
169,Marlena
170,Delmor
171,Aileen
172,Kiele
173,Philis
174,Cullen
175,Imelda
176,Elwyn
177,Nicolis
178,Auria
179,Madelon
180,Gunther
181,Gavrielle
182,Johny
183,Anni
184,Nonna
185,Nikolai
186,Shara
187,Analiese
188,Mathias
189,Yard
190,Kennan
191,Welbie
192,Uriel
193,Tracey
194,Steffi
195,Benny
196,Mellisa
197,Rutter
198,Corena
199,Mable
200,Rae